<?xml version="1.0" encoding="UTF-8"?><TaskRepositories OutputVersion="1"><TaskRepository kind="bugzilla" url="http://bugzilla.gnome.org" version="2.20" encoding="UTF-8" timezone="Europe/Paris" org.eclipse.mylyn.tasklist.repositories.proxy.usedefault="true" org.eclipse.mylyn.tasklist.repositories.savePassword="true" org.eclipse.mylyn.tasklist.repositories.httpauth.savePassword="true" org.eclipse.mylyn.tasklist.repositories.proxy.savePassword="true" label="GNOME"/><TaskRepository kind="bugzilla" url="http://bugs.kde.org" version="3.0" encoding="UTF-8" timezone="Europe/Paris" org.eclipse.mylyn.tasklist.repositories.proxy.usedefault="true" org.eclipse.mylyn.tasklist.repositories.savePassword="true" org.eclipse.mylyn.tasklist.repositories.httpauth.savePassword="true" org.eclipse.mylyn.tasklist.repositories.proxy.savePassword="true" label="KDE"/><TaskRepository kind="bugzilla" url="https://bugs.freedesktop.org" version="2.22" encoding="UTF-8" timezone="Europe/Paris" org.eclipse.mylyn.tasklist.repositories.proxy.usedefault="true" org.eclipse.mylyn.tasklist.repositories.savePassword="true" org.eclipse.mylyn.tasklist.repositories.httpauth.savePassword="true" org.eclipse.mylyn.tasklist.repositories.proxy.savePassword="true" label="freedesktop"/><TaskRepository kind="bugzilla" url="http://bugzilla.kernel.org" version="2.22" encoding="UTF-8" timezone="Europe/Paris" org.eclipse.mylyn.tasklist.repositories.proxy.usedefault="true" org.eclipse.mylyn.tasklist.repositories.savePassword="true" org.eclipse.mylyn.tasklist.repositories.httpauth.savePassword="true" org.eclipse.mylyn.tasklist.repositories.proxy.savePassword="true" label="Linux Kernel"/><TaskRepository kind="bugzilla" url="https://bugs.eclipse.org/bugs" version="3.0" encoding="ISO-8859-1" timezone="Europe/Paris" org.eclipse.mylyn.tasklist.repositories.proxy.usedefault="true" org.eclipse.mylyn.tasklist.repositories.savePassword="true" org.eclipse.mylyn.tasklist.repositories.httpauth.savePassword="true" org.eclipse.mylyn.tasklist.repositories.proxy.savePassword="true" label="Eclipse.org"/><TaskRepository kind="local" url="local" version="1" encoding="UTF-8" timezone="Europe/Paris" org.eclipse.mylyn.tasklist.repositories.proxy.usedefault="true" org.eclipse.mylyn.tasklist.repositories.savePassword="true" org.eclipse.mylyn.tasklist.repositories.httpauth.savePassword="true" org.eclipse.mylyn.tasklist.repositories.proxy.savePassword="true" label="Local"/><TaskRepository kind="bugzilla" url="https://bugzilla.redhat.com" version="3.2.2" encoding="UTF-8" timezone="Europe/Paris" org.eclipse.mylyn.tasklist.repositories.proxy.usedefault="true" org.eclipse.mylyn.tasklist.repositories.savePassword="true" org.eclipse.mylyn.tasklist.repositories.httpauth.savePassword="true" org.eclipse.mylyn.tasklist.repositories.proxy.savePassword="true" label="Red Hat"/><TaskRepository kind="bugzilla" url="http://issues.apache.org/bugzilla" version="2.18" encoding="UTF-8" timezone="Europe/Paris" org.eclipse.mylyn.tasklist.repositories.proxy.usedefault="true" org.eclipse.mylyn.tasklist.repositories.savePassword="true" org.eclipse.mylyn.tasklist.repositories.httpauth.savePassword="true" org.eclipse.mylyn.tasklist.repositories.proxy.savePassword="true" label="Apache"/><TaskRepository kind="bugzilla" url="http://gcc.gnu.org/bugzilla" version="3.2.2" encoding="UTF-8" timezone="Europe/Paris" org.eclipse.mylyn.tasklist.repositories.proxy.usedefault="true" org.eclipse.mylyn.tasklist.repositories.savePassword="true" org.eclipse.mylyn.tasklist.repositories.httpauth.savePassword="true" org.eclipse.mylyn.tasklist.repositories.proxy.savePassword="true" label="GCC"/><TaskRepository kind="bugzilla" url="https://bugzilla.mozilla.org" version="3.2.2" encoding="UTF-8" timezone="Europe/Paris" org.eclipse.mylyn.tasklist.repositories.proxy.usedefault="true" org.eclipse.mylyn.tasklist.repositories.savePassword="true" org.eclipse.mylyn.tasklist.repositories.httpauth.savePassword="true" org.eclipse.mylyn.tasklist.repositories.proxy.savePassword="true" label="Mozilla"/></TaskRepositories>